Node,Score
HBIN036036,0.026953364232288536
HBIN014685,0.021663261625948466
HBIN027528,0.01865901709366289
HBIN029138,0.006393102965897483
HBIN021608,0.005543173962296123
HBIN014693,0.004625057674065479
HBIN016994,0.004353705228346163
HBIN035055,0.002999578503730659
HBIN005527,0.0024529870280105607
HBIN020903,0.0018094871077305615
HBIN044676,0.0005997118355161359
HBIN026609,0.000598940554570787
HBIN045032,0.000549563636296949
HBIN020406,0.0004191502771762799
HBIN012818,0.00031297669808337194
HBIN026067,0.00025032777102063206
HBIN014399,0.0002440907802327202
HBIN042438,0.00021403970971649986
HBIN020653,0.0001926176217198085
HBIN046523,0.00019089794610277833
HBIN044918,0.00017691067301598285
HBIN020908,0.00017606613740942385
HBIN049051,0.00017473610307529663
HBIN028076,0.00016945911609432621
HBIN039031,0.00016209290055622266
HBIN036162,0.0001474280601500245
HBIN014684,0.00014615739770262892
HBIN022584,0.00014341173253950976
HBIN035246,0.00013763779487764574
HBIN019425,0.00012271946718062332
HBIN045028,0.0001223425848688097
HBIN048051,8.979140382322892e-05
HBIN033339,8.289474588754529e-05
HBIN038424,6.965348859767989e-05
HBIN041495,5.213658355740678e-05
HBIN046084,5.154834029197594e-05
HBIN047905,4.9639093105420357e-05
HBIN038026,4.95618814049766e-05
HBIN045115,4.9377366765501824e-05
HBIN042172,4.474670598504387e-05
HBIN002095,4.141595434166797e-05
HBIN027670,3.90016754186818e-05
HBIN016505,3.6606033352990855e-05
HBIN024936,2.982147546846738e-05
HBIN016408,2.7128275480026152e-05
HBIN037188,2.689276131348754e-05
HBIN033597,2.3114617133823495e-05
HBIN017508,2.28933433158597e-05
HBIN048043,2.2438987948270848e-05
HBIN033803,2.2153339403899282e-05
HBIN045944,2.0640397763596002e-05
HBIN047613,1.9677850580112106e-05
HBIN045073,1.9214239002513634e-05
HBIN045031,1.863265668437461e-05
HBIN029419,1.8485092874530732e-05
HBIN014423,1.796988395609209e-05
HBIN018094,1.6305233498994815e-05
HBIN026385,1.4280435690691442e-05
HBIN000017,1.2829043806163941e-05
HBIN012943,1.2785849618643418e-05
HBIN048047,1.2689339330927564e-05
HBIN033609,1.2631549422714667e-05
HBIN030896,1.197298616550499e-05
HBIN045062,1.130662726935304e-05
HBIN022536,1.1066492377430146e-05
HBIN027103,1.1022482783659591e-05
HBIN042670,1.0854437071388889e-05
HBIN031753,1.0799961735277279e-05
HBIN006032,1.0553613532353593e-05
HBIN029840,1.0514249839940245e-05
HBIN018781,1.0483247590449663e-05
HBIN035161,1.0482800917837105e-05
HBIN035798,1.044805865401521e-05
HBIN008962,1.0387213182401672e-05
HBIN039000,1.0356547682629492e-05
HBIN027030,1.0317697998024271e-05
HBIN004663,1.0224985331641687e-05
HBIN016126,1.0219586217991608e-05
HBIN008534,1.016706035121003e-05
HBIN033751,1.0128316713448504e-05
HBIN024749,1.0075359121887136e-05
HBIN025918,1.0053341962089134e-05
HBIN026881,1.0053341962089134e-05
HBIN036366,8.950072238604219e-06
HBIN048342,8.936895287505946e-06
HBIN045937,8.910381081062015e-06
HBIN047561,8.856905614498842e-06
HBIN007606,8.844703280596332e-06
HBIN004061,8.715308217789689e-06
HBIN048368,8.629211525272463e-06
HBIN039070,8.60411499951371e-06
HBIN023132,8.488799504301046e-06
HBIN003914,8.321295148082402e-06
HBIN020511,8.123084145166695e-06
HBIN019786,7.555224238751222e-06
HBIN017056,7.5282026756073775e-06
HBIN040747,7.0659966064309834e-06
HBIN025300,6.776061995256326e-06
HBIN038627,6.264282945888585e-06
HBIN024354,6.132221680151662e-06
HBIN026662,6.088841576313029e-06
HBIN019298,6.026924202226901e-06
HBIN017341,5.640729438738686e-06
HBIN010983,5.499497813479469e-06
HBIN038680,5.493116358993131e-06
HBIN014176,5.453034719000013e-06
HBIN008944,5.415594548519011e-06
HBIN010879,5.373662104540358e-06
HBIN033093,5.3418369763916245e-06
HBIN009994,5.286926742238369e-06
HBIN013310,5.261736005064467e-06
HBIN030532,5.239745482948622e-06
HBIN019986,5.234431653625218e-06
HBIN044158,5.145100286204757e-06
HBIN028190,5.106220879294533e-06
HBIN009501,5.075776371105571e-06
HBIN034623,4.9517001681919946e-06
HBIN025026,4.939959149412369e-06
HBIN017043,4.908845433798788e-06
HBIN011699,4.855264348415135e-06
HBIN028191,4.6987084214037395e-06
HBIN033094,4.695362987592235e-06
HBIN033265,4.682043507432182e-06
HBIN027450,4.654089322234817e-06
HBIN026145,4.648821447858468e-06
HBIN011105,4.600760924801717e-06
HBIN028847,4.560015644190272e-06
HBIN019111,4.426612920821558e-06
HBIN006867,4.302977902659864e-06
HBIN018278,4.253717642793994e-06
HBIN001411,4.244025450123908e-06
HBIN014593,4.179317184502106e-06
HBIN015562,4.16730111117455e-06
HBIN018084,4.131411055397417e-06
HBIN014998,4.124082330969321e-06
HBIN002584,4.065112945895001e-06
HBIN012821,4.041979800729435e-06
HBIN029771,4.036089581110491e-06
HBIN010150,4.017168357603287e-06
HBIN015470,3.997953753974546e-06
HBIN015535,3.984705364334298e-06
HBIN012450,3.973736408226227e-06
HBIN010464,3.90614776076675e-06
HBIN012604,3.90614776076675e-06
HBIN008315,3.90614776076675e-06
HBIN008289,3.90614776076675e-06
HBIN013265,3.87835609362288e-06
HBIN028181,3.867171524487774e-06
HBIN037940,3.866086325778295e-06
HBIN036159,3.862206951945563e-06
HBIN006773,3.854355679026578e-06
HBIN011106,3.849608848502521e-06
HBIN015210,3.849307587310079e-06
HBIN032754,3.842415686463916e-06
HBIN011921,3.839980781173868e-06
HBIN007804,3.834984717501659e-06
HBIN035214,3.833498883756178e-06
HBIN015515,3.824466677419176e-06
HBIN010903,3.822819334336195e-06
HBIN007836,3.810872506116586e-06
HBIN012532,3.802435758204881e-06
HBIN008896,3.7921511981077024e-06
HBIN018033,3.79094650534108e-06
HBIN006358,3.7870265069381742e-06
HBIN030806,3.785331660465326e-06
HBIN011899,3.772312017713454e-06
HBIN010241,3.7661221438524834e-06
HBIN006777,3.764193081209406e-06
HBIN012693,3.759004975683733e-06
HBIN006810,3.7525842412331447e-06
HBIN014997,3.742175921411396e-06
HBIN033602,3.735470054409081e-06
HBIN014748,3.734612815138219e-06
HBIN007125,3.7175960018266296e-06
HBIN011823,3.710651797254495e-06
HBIN010510,3.6950839916928395e-06
HBIN010897,3.6886346374564884e-06
HBIN010513,3.6886346374564884e-06
HBIN012616,3.6886346374564884e-06
HBIN012317,3.6886346374564884e-06
HBIN012544,3.6886346374564884e-06
HBIN012551,3.6886346374564884e-06
HBIN012602,3.6886346374564884e-06
HBIN006998,3.6886346374564884e-06
HBIN012653,3.6886346374564884e-06
HBIN013209,3.6886346374564884e-06
HBIN005677,3.6886346374564884e-06
HBIN005758,3.6886346374564884e-06
HBIN005764,3.6886346374564884e-06
HBIN015219,3.6886346374564884e-06
HBIN007192,3.6886346374564884e-06
HBIN015564,3.6886346374564884e-06
HBIN008934,3.6886346374564884e-06
HBIN008314,3.6886346374564884e-06
HBIN008897,3.6886346374564884e-06
HBIN007760,3.6886346374564884e-06
HBIN007551,3.6886346374564884e-06
HBIN007313,3.6886346374564884e-06
HBIN009493,3.6886346374564884e-06
HBIN008933,3.6886346374564884e-06
HBIN001393,3.627438364059578e-06
HBIN029519,3.6201666501691254e-06
HBIN025120,3.605816380860649e-06
HBIN025028,3.605816380860649e-06
HBIN028189,3.605816380860649e-06
HBIN020679,3.605816380860649e-06
HBIN028193,3.605816380860649e-06
HBIN029082,3.605816380860649e-06
HBIN028037,3.605816380860649e-06
HBIN028177,3.605816380860649e-06
HBIN028135,3.605816380860649e-06
HBIN028030,3.605816380860649e-06
HBIN037085,3.6041263479736295e-06
HBIN037119,3.5958303849657866e-06
HBIN027475,3.57070415324684e-06
HBIN038485,3.545391153961146e-06
HBIN019948,3.5032198571585427e-06
HBIN035353,3.4919004435308288e-06
HBIN015584,3.447468061815073e-06
HBIN024821,3.423987488692443e-06
HBIN036308,3.4070392372419313e-06
HBIN031211,3.3682243518673555e-06
HBIN024535,3.359023155701933e-06
HBIN024976,3.3215588496238874e-06
HBIN031114,3.3004101592611812e-06
HBIN036050,3.2486205866578143e-06
HBIN019688,3.2295526958264526e-06
HBIN032812,3.2205349978497457e-06
HBIN026465,3.2174695911953783e-06
HBIN029074,3.211839856328059e-06
HBIN028546,3.1926392228354522e-06
HBIN038091,3.174532833203344e-06
HBIN026440,3.1620109251225476e-06
HBIN030134,3.144396722965429e-06
HBIN024184,3.121996921428339e-06
HBIN040966,3.074340289815706e-06
HBIN003995,3.026903890311391e-06
HBIN034960,3.0141401712851217e-06
HBIN030516,3.0034125118502064e-06
HBIN035135,2.990889700120141e-06
HBIN026468,2.9557261877395463e-06
HBIN039004,2.955597087002345e-06
HBIN017343,2.9279984987405067e-06
HBIN033245,2.9251086405315587e-06
HBIN046387,2.8984421406474957e-06
HBIN035109,2.893546987680512e-06
HBIN036380,2.883957539178885e-06
HBIN029196,2.8621707631418626e-06
HBIN019296,2.8258525355043656e-06
HBIN043467,2.8109327700021474e-06
HBIN025593,2.8011932514432953e-06
HBIN019962,2.7997250938366377e-06
HBIN033890,2.771208031183747e-06
HBIN029313,2.7488314737314176e-06
HBIN046016,2.743918422601277e-06
HBIN032807,2.73110405168008e-06
HBIN038995,2.719018250979328e-06
HBIN033076,2.7054043661812082e-06
HBIN033107,2.6957090604801806e-06
HBIN037281,2.6634428074195347e-06
HBIN032101,2.660931713564959e-06
HBIN028048,2.6479940488358927e-06
HBIN036819,2.6392921699609493e-06
HBIN031002,2.63281676129218e-06
HBIN028184,2.627672562631215e-06
HBIN038398,2.615767456188227e-06
HBIN035812,2.6117366713661965e-06
HBIN037213,2.5871751345608444e-06
HBIN020976,2.586951120044764e-06
HBIN015368,2.5758524247017553e-06
HBIN032992,2.555037057909987e-06
HBIN032583,2.5450757286798897e-06
HBIN032451,2.542728449199469e-06
HBIN035573,2.537237954168232e-06
HBIN009914,2.532702869975635e-06
HBIN037827,2.5303718178085464e-06
HBIN029445,2.5299648961341176e-06
HBIN007288,2.528600198624587e-06
HBIN029548,2.527978222616142e-06
HBIN024930,2.52625983126042e-06
HBIN021356,2.5121067557104744e-06
HBIN035670,2.493193933537908e-06
HBIN024347,2.4885143346768946e-06
HBIN020657,2.481257738090052e-06
HBIN013573,2.465741812216103e-06
HBIN030843,2.447396996794724e-06
HBIN033218,2.442303721027462e-06
HBIN034593,2.440804249431436e-06
HBIN036760,2.438260087594488e-06
HBIN033383,2.4291145600500826e-06
HBIN003305,2.424828579558925e-06
HBIN033098,2.415098942896747e-06
HBIN034745,2.4120318361925922e-06
HBIN033114,2.403924389085813e-06
HBIN037254,2.4021632801756728e-06
HBIN033109,2.38512503675149e-06
HBIN030562,2.382853991012315e-06
HBIN033895,2.378695695950897e-06
HBIN037250,2.3781424185238976e-06
HBIN029645,2.3763626594956214e-06
HBIN038168,2.3757535415112734e-06
HBIN029444,2.3718413739894157e-06
HBIN030137,2.370104860344292e-06
HBIN004642,2.369044540024032e-06
HBIN022815,2.3670004940635307e-06
HBIN021802,2.36309993277562e-06
HBIN033105,2.3567531002956384e-06
HBIN002884,2.352215485751694e-06
HBIN008674,2.350906200798707e-06
HBIN037796,2.343195680861798e-06
HBIN029973,2.339385968126638e-06
HBIN016201,2.3334896309078953e-06
HBIN035791,2.3278461456802098e-06
HBIN032903,2.3238107638872944e-06
HBIN032076,2.3236022552322326e-06
HBIN031446,2.3144554481853492e-06
HBIN033768,2.297161814971128e-06
HBIN031109,2.293373950305128e-06
HBIN033157,2.2850982069603524e-06
HBIN033083,2.284481772467631e-06
HBIN013015,2.2734882438300543e-06
HBIN018293,2.266562980280952e-06
HBIN036044,2.2660124546043026e-06
HBIN028088,2.263460940478885e-06
HBIN019980,2.262483362903856e-06
HBIN028878,2.262483362903856e-06
HBIN045672,2.26033638959854e-06
HBIN008831,2.2589279730756966e-06
HBIN028197,2.250436224846565e-06
HBIN012533,2.2494303488681385e-06
HBIN032813,2.243211919975574e-06
HBIN032997,2.2424141511738265e-06
HBIN006534,2.2371703352518098e-06
HBIN033440,2.2367873937828954e-06
HBIN036311,2.2323783184234605e-06
HBIN033110,2.231456203551192e-06
HBIN030729,2.2250468243657525e-06
HBIN033001,2.223934109275084e-06
HBIN034281,2.222164916886196e-06
HBIN005662,2.2218609580725605e-06
HBIN007021,2.21779472097969e-06
HBIN030868,2.2161596051104704e-06
HBIN031539,2.215941749542462e-06
HBIN029685,2.215845517823543e-06
HBIN007703,2.2124250522788873e-06
HBIN034726,2.2115434829131433e-06
HBIN030934,2.206881289496756e-06
HBIN034750,2.206881289496756e-06
HBIN027957,2.201288775530314e-06
HBIN033137,2.1947614625900786e-06
HBIN032074,2.1947614625900786e-06
HBIN032581,2.1947614625900786e-06
HBIN037630,2.1906914009537614e-06
HBIN029430,2.1898885742015623e-06
HBIN033006,2.1898275701444903e-06
HBIN023404,2.1898120746923967e-06
HBIN029102,2.1893487345557793e-06
HBIN034752,2.1846173438221333e-06
HBIN034746,2.1816002469114746e-06
HBIN036692,2.1816002469114746e-06
HBIN027173,2.1814282679513537e-06
HBIN019894,2.1777916931275945e-06
HBIN031661,2.1755255122696758e-06
HBIN030898,2.1710541908980153e-06
HBIN023623,2.1699598908198055e-06
HBIN036683,2.1683351733569143e-06
HBIN025226,2.1649480997202104e-06
HBIN030780,2.1647772744669023e-06
HBIN031319,2.1632592312837142e-06
HBIN004827,2.156719522239444e-06
HBIN030773,2.156186719030046e-06
HBIN028079,2.1555677232377156e-06
HBIN031538,2.153990498999415e-06
HBIN028474,2.153090619977108e-06
HBIN037648,2.151776227644067e-06
HBIN027849,2.1502187893677873e-06
HBIN017212,2.1498623076865525e-06
HBIN035296,2.1478855472498256e-06
HBIN002102,2.147048797710379e-06
HBIN035354,2.145932336832937e-06
HBIN038752,2.143199218425668e-06
HBIN035142,2.137914550584613e-06
HBIN031535,2.1354458372024117e-06
HBIN031536,2.1354458372024117e-06
HBIN002521,2.134702362441432e-06
HBIN007191,2.13432948357054e-06
HBIN038914,2.133561955167812e-06
HBIN031540,2.1304785872834203e-06
HBIN006789,2.1297548227452803e-06
HBIN033099,2.128892222139235e-06
HBIN031089,2.124645835813626e-06
HBIN031378,2.1243237524631757e-06
HBIN035292,2.1225379032836052e-06
HBIN031775,2.122225517174127e-06
HBIN038992,2.1193922929485583e-06
HBIN037343,2.116406716580145e-06
HBIN036067,2.1146665727326464e-06
HBIN034470,2.1130803792425058e-06
HBIN033153,2.1130803792425058e-06
HBIN033384,2.1130803792425058e-06
HBIN030530,2.1130803792425058e-06
HBIN023519,2.1122878953971855e-06
HBIN034629,2.1097620732232343e-06
HBIN032061,2.105469923863096e-06
HBIN036076,2.1026111136024496e-06
HBIN018241,2.102131104020515e-06
HBIN034389,2.100207327797778e-06
HBIN035574,2.0995888923915115e-06
HBIN037053,2.098206158137586e-06
HBIN019921,2.0948867187277287e-06
HBIN030802,2.0924692630338393e-06
HBIN035356,2.0923910528780257e-06
HBIN033428,2.0907764704635434e-06
HBIN029328,2.087308950546749e-06
HBIN021801,2.0860449714212407e-06
HBIN019199,2.085214200717287e-06
HBIN034527,2.084353449926794e-06
HBIN037220,2.084353449926794e-06
HBIN037724,2.084353449926794e-06
HBIN012759,2.0841292849017284e-06
HBIN027958,2.083957836600272e-06
HBIN035603,2.083586290306783e-06
HBIN032843,2.0822842530305875e-06
HBIN031404,2.0807648999310297e-06
HBIN032456,2.07912280682401e-06
HBIN030800,2.0756402087615053e-06
HBIN035257,2.0756402087615053e-06
HBIN034599,2.073206590270798e-06
HBIN017992,2.0718237064180913e-06
HBIN020909,2.0715487758164733e-06
HBIN029242,2.06552449734513e-06
HBIN031960,2.0601117538490617e-06
HBIN013880,2.0525402290652228e-06
HBIN045258,2.0511309950360637e-06
HBIN024597,2.0447639644393548e-06
HBIN035105,2.0447400762364397e-06
HBIN029234,2.0411979430564754e-06
HBIN037812,2.0411979430564754e-06
HBIN037777,2.0411979430564754e-06
HBIN009689,2.040130442652375e-06
HBIN029260,2.036533387964103e-06
HBIN019252,2.0345852522033945e-06
HBIN011278,2.0345681273546117e-06
HBIN035037,2.0325868901348916e-06
HBIN035605,2.031428227828586e-06
HBIN031541,2.030789623234725e-06
HBIN006604,2.030569373366657e-06
HBIN029974,2.027944735833983e-06
HBIN031343,2.0251236072064483e-06
HBIN037795,2.0233593467700865e-06
HBIN027847,2.0224797355225918e-06
HBIN019321,2.02246579105974e-06
HBIN033855,2.0224427764512632e-06
HBIN029497,2.0223873299402074e-06
HBIN030869,2.0220254620807744e-06
HBIN036903,2.0220254620807744e-06
HBIN015547,2.0211282146921056e-06
HBIN035340,2.0189276529682783e-06
HBIN028549,2.0182505994915144e-06
HBIN028080,2.011313423424071e-06
HBIN019475,2.009375693944143e-06
HBIN025256,2.0062462973253323e-06
HBIN037721,2.0055175734879823e-06
HBIN032577,2.0052064561781137e-06
HBIN023041,2.0013474706651087e-06
HBIN036780,1.9992654990778232e-06
HBIN035261,1.9992654990778232e-06
HBIN033432,1.9992654990778232e-06
HBIN038371,1.9992654990778232e-06
HBIN035817,1.9992654990778232e-06
HBIN024796,1.9991772883762567e-06
HBIN002160,1.9988703224787428e-06
HBIN005948,1.998603312945413e-06
HBIN028180,1.9957957613133207e-06
HBIN031102,1.9940773935521496e-06
HBIN027857,1.993593921911875e-06
HBIN010411,1.9883631944793156e-06
HBIN012887,1.98624757030656e-06
HBIN005940,1.984866597124443e-06
HBIN028188,1.9837419518682316e-06
HBIN018263,1.983159192275324e-06
HBIN029332,1.9772483392798144e-06
HBIN030782,1.9772483392798144e-06
HBIN029422,1.9772483392798144e-06
HBIN029423,1.9772483392798144e-06
HBIN033150,1.9772483392798144e-06
HBIN033115,1.9772483392798144e-06
HBIN033121,1.9772483392798144e-06
HBIN034272,1.9772483392798144e-06
HBIN033124,1.9772483392798144e-06
HBIN033112,1.9772483392798144e-06
HBIN030856,1.9772483392798144e-06
HBIN034481,1.9772483392798144e-06
HBIN034356,1.9772483392798144e-06
HBIN034725,1.9772483392798144e-06
HBIN038169,1.9772483392798144e-06
HBIN034686,1.9772483392798144e-06
HBIN034685,1.9772483392798144e-06
HBIN038120,1.9772483392798144e-06
HBIN034827,1.9772483392798144e-06
HBIN033151,1.9772483392798144e-06
HBIN033149,1.9772483392798144e-06
HBIN029253,1.9772483392798144e-06
HBIN033111,1.9772483392798144e-06
HBIN033144,1.9772483392798144e-06
HBIN038624,1.9772483392798144e-06
HBIN033152,1.9772483392798144e-06
HBIN033146,1.9772483392798144e-06
HBIN033377,1.9772483392798144e-06
HBIN029495,1.9772483392798144e-06
HBIN033376,1.9772483392798144e-06
HBIN033374,1.9772483392798144e-06
HBIN033139,1.9772483392798144e-06
HBIN033331,1.9772483392798144e-06
HBIN033268,1.9772483392798144e-06
HBIN039006,1.9772483392798144e-06
HBIN033140,1.9772483392798144e-06
HBIN030496,1.9772483392798144e-06
HBIN030465,1.9772483392798144e-06
HBIN030293,1.9772483392798144e-06
HBIN033141,1.9772483392798144e-06
HBIN030187,1.9772483392798144e-06
HBIN033142,1.9772483392798144e-06
HBIN033160,1.9772483392798144e-06
HBIN038097,1.9772483392798144e-06
HBIN033145,1.9772483392798144e-06
HBIN033143,1.9772483392798144e-06
HBIN033159,1.9772483392798144e-06
HBIN033158,1.9772483392798144e-06
HBIN033378,1.9772483392798144e-06
HBIN033156,1.9772483392798144e-06
HBIN033148,1.9772483392798144e-06
HBIN033379,1.9772483392798144e-06
HBIN033125,1.9772483392798144e-06
HBIN030772,1.9772483392798144e-06
HBIN033126,1.9772483392798144e-06
HBIN033127,1.9772483392798144e-06
HBIN030769,1.9772483392798144e-06
HBIN033128,1.9772483392798144e-06
HBIN030738,1.9772483392798144e-06
HBIN033129,1.9772483392798144e-06
HBIN038607,1.9772483392798144e-06
HBIN033130,1.9772483392798144e-06
HBIN033131,1.9772483392798144e-06
HBIN033132,1.9772483392798144e-06
HBIN033134,1.9772483392798144e-06
HBIN038836,1.9772483392798144e-06
HBIN033135,1.9772483392798144e-06
HBIN033147,1.9772483392798144e-06
HBIN033154,1.9772483392798144e-06
HBIN033136,1.9772483392798144e-06
HBIN033138,1.9772483392798144e-06
HBIN033155,1.9772483392798144e-06
HBIN033386,1.9772483392798144e-06
HBIN034851,1.9772483392798144e-06
HBIN034462,1.9772483392798144e-06
HBIN029268,1.9772483392798144e-06
HBIN031547,1.9772483392798144e-06
HBIN036639,1.9772483392798144e-06
HBIN036383,1.9772483392798144e-06
HBIN037241,1.9772483392798144e-06
HBIN032073,1.9772483392798144e-06
HBIN032067,1.9772483392798144e-06
HBIN033096,1.9772483392798144e-06
HBIN032066,1.9772483392798144e-06
HBIN032063,1.9772483392798144e-06
HBIN032060,1.9772483392798144e-06
HBIN031970,1.9772483392798144e-06
HBIN036349,1.9772483392798144e-06
HBIN036347,1.9772483392798144e-06
HBIN031930,1.9772483392798144e-06
HBIN036251,1.9772483392798144e-06
HBIN037559,1.9772483392798144e-06
HBIN031544,1.9772483392798144e-06
HBIN031543,1.9772483392798144e-06
HBIN036197,1.9772483392798144e-06
HBIN036100,1.9772483392798144e-06
HBIN037333,1.9772483392798144e-06
HBIN037337,1.9772483392798144e-06
HBIN037375,1.9772483392798144e-06
HBIN037379,1.9772483392798144e-06
HBIN031537,1.9772483392798144e-06
HBIN037389,1.9772483392798144e-06
HBIN037557,1.9772483392798144e-06
HBIN031534,1.9772483392798144e-06
HBIN035521,1.9772483392798144e-06
HBIN032075,1.9772483392798144e-06
HBIN032077,1.9772483392798144e-06
HBIN036658,1.9772483392798144e-06
HBIN032082,1.9772483392798144e-06
HBIN037234,1.9772483392798144e-06
HBIN033051,1.9772483392798144e-06
HBIN033041,1.9772483392798144e-06
HBIN037227,1.9772483392798144e-06
HBIN037086,1.9772483392798144e-06
HBIN032874,1.9772483392798144e-06
HBIN033090,1.9772483392798144e-06
HBIN037043,1.9772483392798144e-06
HBIN033091,1.9772483392798144e-06
HBIN037012,1.9772483392798144e-06
HBIN037011,1.9772483392798144e-06
HBIN037010,1.9772483392798144e-06
HBIN032758,1.9772483392798144e-06
HBIN037009,1.9772483392798144e-06
HBIN037008,1.9772483392798144e-06
HBIN037007,1.9772483392798144e-06
HBIN037004,1.9772483392798144e-06
HBIN032705,1.9772483392798144e-06
HBIN036888,1.9772483392798144e-06
HBIN032702,1.9772483392798144e-06
HBIN036803,1.9772483392798144e-06
HBIN036764,1.9772483392798144e-06
HBIN032673,1.9772483392798144e-06
HBIN036689,1.9772483392798144e-06
HBIN032565,1.9772483392798144e-06
HBIN036661,1.9772483392798144e-06
HBIN033095,1.9772483392798144e-06
HBIN035423,1.9772483392798144e-06
HBIN037902,1.9772483392798144e-06
HBIN035408,1.9772483392798144e-06
HBIN033106,1.9772483392798144e-06
HBIN035245,1.9772483392798144e-06
HBIN035223,1.9772483392798144e-06
HBIN035189,1.9772483392798144e-06
HBIN035138,1.9772483392798144e-06
HBIN029305,1.9772483392798144e-06
HBIN035107,1.9772483392798144e-06
HBIN037990,1.9772483392798144e-06
HBIN035104,1.9772483392798144e-06
HBIN035078,1.9772483392798144e-06
HBIN035077,1.9772483392798144e-06
HBIN031000,1.9772483392798144e-06
HBIN035075,1.9772483392798144e-06
HBIN035065,1.9772483392798144e-06
HBIN037994,1.9772483392798144e-06
HBIN037981,1.9772483392798144e-06
HBIN034997,1.9772483392798144e-06
HBIN034955,1.9772483392798144e-06
HBIN034953,1.9772483392798144e-06
HBIN034950,1.9772483392798144e-06
HBIN037995,1.9772483392798144e-06
HBIN034932,1.9772483392798144e-06
HBIN034925,1.9772483392798144e-06
HBIN030899,1.9772483392798144e-06
HBIN033108,1.9772483392798144e-06
HBIN034924,1.9772483392798144e-06
HBIN034904,1.9772483392798144e-06
HBIN030895,1.9772483392798144e-06
HBIN034892,1.9772483392798144e-06
HBIN037759,1.9772483392798144e-06
HBIN033085,1.9772483392798144e-06
HBIN037715,1.9772483392798144e-06
HBIN037739,1.9772483392798144e-06
HBIN031345,1.9772483392798144e-06
HBIN035405,1.9772483392798144e-06
HBIN037978,1.9772483392798144e-06
HBIN037979,1.9772483392798144e-06
HBIN035374,1.9772483392798144e-06
HBIN037980,1.9772483392798144e-06
HBIN031320,1.9772483392798144e-06
HBIN035318,1.9772483392798144e-06
HBIN033101,1.9772483392798144e-06
HBIN031221,1.9772483392798144e-06
HBIN037749,1.9772483392798144e-06
HBIN029135,1.9770305212282207e-06
HBIN028473,1.9767791008330695e-06
HBIN015447,1.9615050491884354e-06
HBIN008833,1.9611040289804618e-06
HBIN006585,1.9534898841110195e-06
HBIN022599,1.9499602448107738e-06
HBIN027842,1.9445519954320313e-06
HBIN028083,1.9445112122450278e-06
HBIN018337,1.943220629433796e-06
HBIN013572,1.936588050379335e-06
HBIN008822,1.934506828976315e-06
HBIN027179,1.933812642416215e-06
HBIN041100,1.931251487074294e-06
HBIN006248,1.9288994214869323e-06
HBIN009430,1.9288994214869323e-06
HBIN012928,1.9288994214869323e-06
HBIN027172,1.928029153205929e-06
HBIN006643,1.927423778134345e-06
HBIN021422,1.9260608334432246e-06
HBIN028214,1.925446473508732e-06
HBIN024662,1.921441028685453e-06
HBIN026243,1.9189724204963165e-06
HBIN024595,1.9189724204963165e-06
HBIN024794,1.9179750690036467e-06
HBIN027178,1.915135647908411e-06
HBIN010878,1.912017782251535e-06
HBIN020969,1.91065732633805e-06
HBIN022387,1.9014432051148166e-06
HBIN028476,1.8990579428692085e-06
HBIN023190,1.898106009077421e-06
HBIN010894,1.8934785636705602e-06
HBIN005450,1.8908574811362995e-06
HBIN010407,1.889747431766877e-06
HBIN045966,1.8835976448213344e-06
HBIN028813,1.8833013300145668e-06
HBIN015469,1.8820708185627765e-06
HBIN019909,1.8819592701522904e-06
HBIN007989,1.8808062020697298e-06
HBIN026390,1.8723591435560024e-06
HBIN017806,1.8704568047325545e-06
HBIN013853,1.8699677985535284e-06
HBIN022295,1.8694144747842952e-06
HBIN006749,1.868795365242994e-06
HBIN013721,1.866627884580062e-06
HBIN022166,1.8649986324582758e-06
HBIN022819,1.8619067350546534e-06
HBIN012694,1.8594284406546036e-06
HBIN012772,1.8581797002454802e-06
HBIN006380,1.8565219920463283e-06
HBIN024073,1.8545036466423386e-06
HBIN020915,1.8536648303788857e-06
HBIN025193,1.8536007648752041e-06
HBIN006772,1.8482242498849541e-06
HBIN013157,1.8467295835012143e-06
HBIN021090,1.846081164891098e-06
HBIN027188,1.846081164891098e-06
HBIN021147,1.845043673330749e-06
HBIN026022,1.8446415746837037e-06
HBIN047416,1.8443911320040786e-06
HBIN019239,1.839585798966512e-06
HBIN026379,1.8388052998568345e-06
HBIN011351,1.8367490724993078e-06
HBIN012654,1.8343034233744275e-06
HBIN028587,1.8337442529472491e-06
HBIN006084,1.8337268512883705e-06
HBIN009594,1.8294403215488175e-06
HBIN025445,1.8291586662530805e-06
HBIN019826,1.8291586662530805e-06
HBIN023213,1.8279514558644737e-06
HBIN020905,1.8279514558644737e-06
HBIN020907,1.8278435486292842e-06
HBIN015476,1.827687926053405e-06
HBIN020249,1.8267416336732889e-06
HBIN013422,1.8197263238347243e-06
HBIN011333,1.8179201199176448e-06
HBIN019502,1.8176847087914574e-06
HBIN022771,1.817261051032561e-06
HBIN015262,1.8139993191893755e-06
HBIN024252,1.8123488338544587e-06
HBIN020014,1.8101386985355489e-06
HBIN008949,1.8097781676583643e-06
HBIN017475,1.8096118372491014e-06
HBIN005625,1.8073445491676557e-06
HBIN021904,1.8054480080680737e-06
HBIN017987,1.8041740976064754e-06
HBIN020363,1.8013816497656975e-06
HBIN018266,1.8004146014841213e-06
HBIN019471,1.7959971127912193e-06
HBIN027401,1.7944516480191506e-06
HBIN023096,1.7922466180939668e-06
HBIN024452,1.788466112974954e-06
HBIN020009,1.7809450284265893e-06
HBIN008947,1.775335901953334e-06
HBIN027162,1.7752533133208492e-06
HBIN005624,1.7685400457873677e-06
HBIN014990,1.764927582131582e-06
HBIN021101,1.7644000815435247e-06
HBIN025992,1.7636277654371986e-06
HBIN021138,1.7618904023248015e-06
HBIN015510,1.760242122176088e-06
HBIN024875,1.759618332168906e-06
HBIN006647,1.7592615661033077e-06
HBIN006648,1.7592615661033077e-06
HBIN024334,1.7565355437009762e-06
HBIN019795,1.7563033842241897e-06
HBIN020367,1.7539308159034709e-06
HBIN006080,1.7533187421553224e-06
HBIN027451,1.7462890467211469e-06
HBIN014630,1.7459479007650622e-06
HBIN002087,1.739514778355065e-06
HBIN027563,1.738533956468401e-06
HBIN024565,1.7384424144724276e-06
HBIN026575,1.7377390922259251e-06
HBIN027226,1.7356731522278158e-06
HBIN012568,1.7334034579746797e-06
HBIN028215,1.7321768948650326e-06
HBIN012725,1.7282153524490052e-06
HBIN043917,1.7270698331148737e-06
HBIN022407,1.724526292571818e-06
HBIN021590,1.7229677847768627e-06
HBIN040908,1.7179078505316932e-06
HBIN022755,1.7165254842457822e-06
HBIN022145,1.7143848077010033e-06
HBIN025903,1.7130327784526348e-06
HBIN022839,1.7124224483415974e-06
HBIN008404,1.7113862981766704e-06
HBIN006008,1.7113862981766704e-06
HBIN007391,1.7113862981766704e-06
HBIN008596,1.7113862981766704e-06
HBIN006004,1.7113862981766704e-06
HBIN005952,1.7113862981766704e-06
HBIN009022,1.7113862981766704e-06
HBIN014464,1.7113862981766704e-06
HBIN006059,1.7113862981766704e-06
HBIN006540,1.7113862981766704e-06
HBIN015537,1.7113862981766704e-06
HBIN006533,1.7113862981766704e-06
HBIN006504,1.7113862981766704e-06
HBIN006377,1.7113862981766704e-06
HBIN008213,1.7113862981766704e-06
HBIN006372,1.7113862981766704e-06
HBIN006363,1.7113862981766704e-06
HBIN008290,1.7113862981766704e-06
HBIN014785,1.7113862981766704e-06
HBIN006356,1.7113862981766704e-06
HBIN006588,1.7113862981766704e-06
HBIN008291,1.7113862981766704e-06
HBIN006292,1.7113862981766704e-06
HBIN007444,1.7113862981766704e-06
HBIN006231,1.7113862981766704e-06
HBIN008316,1.7113862981766704e-06
HBIN008319,1.7113862981766704e-06
HBIN008320,1.7113862981766704e-06
HBIN014101,1.7113862981766704e-06
HBIN013264,1.7113862981766704e-06
HBIN007552,1.7113862981766704e-06
HBIN007042,1.7113862981766704e-06
HBIN012633,1.7113862981766704e-06
HBIN012590,1.7113862981766704e-06
HBIN009753,1.7113862981766704e-06
HBIN013888,1.7113862981766704e-06
HBIN012104,1.7113862981766704e-06
HBIN011709,1.7113862981766704e-06
HBIN011708,1.7113862981766704e-06
HBIN011272,1.7113862981766704e-06
HBIN012711,1.7113862981766704e-06
HBIN007149,1.7113862981766704e-06
HBIN009773,1.7113862981766704e-06
HBIN008847,1.7113862981766704e-06
HBIN010785,1.7113862981766704e-06
HBIN007332,1.7113862981766704e-06
HBIN010667,1.7113862981766704e-06
HBIN010591,1.7113862981766704e-06
HBIN009854,1.7113862981766704e-06
HBIN012705,1.7113862981766704e-06
HBIN008715,1.7113862981766704e-06
HBIN006833,1.7113862981766704e-06
HBIN013863,1.7113862981766704e-06
HBIN008666,1.7113862981766704e-06
HBIN013856,1.7113862981766704e-06
HBIN009025,1.7113862981766704e-06
HBIN005684,1.7113862981766704e-06
HBIN013838,1.7113862981766704e-06
HBIN013823,1.7113862981766704e-06
HBIN013807,1.7113862981766704e-06
HBIN009213,1.7113862981766704e-06
HBIN009023,1.7113862981766704e-06
HBIN009235,1.7113862981766704e-06
HBIN007304,1.7113862981766704e-06
HBIN013215,1.7113862981766704e-06
HBIN008963,1.7113862981766704e-06
HBIN008713,1.7113862981766704e-06
HBIN007212,1.7113862981766704e-06
HBIN017516,1.7029511230316861e-06
HBIN018026,1.7001183738283534e-06
HBIN019915,1.698938379808081e-06
HBIN021907,1.6983428974210944e-06
HBIN025943,1.6960934924073386e-06
HBIN017408,1.695247115959262e-06
HBIN019449,1.69446613726144e-06
HBIN019216,1.6944491691894927e-06
HBIN019035,1.6932956263174486e-06
HBIN025216,1.6925176453574975e-06
HBIN019106,1.6925176453574975e-06
HBIN028309,1.6879741756113765e-06
HBIN025966,1.6857985869713996e-06
HBIN028806,1.682109325535745e-06
HBIN023837,1.682109325535745e-06
HBIN019914,1.682109325535745e-06
HBIN026977,1.6792644381350038e-06
HBIN024357,1.6778477997222727e-06
HBIN018110,1.6774238655802532e-06
HBIN029101,1.6746790490711075e-06
HBIN024516,1.6713062702937083e-06
HBIN025225,1.6705004855594889e-06
HBIN019188,1.6705004855594889e-06
HBIN029092,1.6705004855594889e-06
HBIN025965,1.669494133712634e-06
HBIN022888,1.6674142556511787e-06
HBIN024738,1.6582417660038031e-06
HBIN017775,1.650585201378846e-06
HBIN022393,1.650585201378846e-06
HBIN024331,1.650585201378846e-06
HBIN020994,1.650585201378846e-06
HBIN018038,1.650585201378846e-06
HBIN026516,1.6482301954712924e-06
HBIN027539,1.6482301954712924e-06
HBIN028174,1.646103619672718e-06
HBIN025590,1.6453970958531709e-06
HBIN025823,1.6453970958531709e-06
HBIN003897,1.6445882227647396e-06
HBIN028812,1.6385796121133493e-06
HBIN025254,1.6372777790572096e-06
HBIN024345,1.6285680415808365e-06
HBIN021369,1.6285680415808365e-06
HBIN021558,1.6285680415808365e-06
HBIN021370,1.6285680415808365e-06
HBIN024376,1.6285680415808365e-06
HBIN021256,1.6285680415808365e-06
HBIN017409,1.6285680415808365e-06
HBIN021254,1.6285680415808365e-06
HBIN021094,1.6285680415808365e-06
HBIN021093,1.6285680415808365e-06
HBIN024390,1.6285680415808365e-06
HBIN021091,1.6285680415808365e-06
HBIN021910,1.6285680415808365e-06
HBIN022581,1.6285680415808365e-06
HBIN024361,1.6285680415808365e-06
HBIN024308,1.6285680415808365e-06
HBIN022781,1.6285680415808365e-06
HBIN022811,1.6285680415808365e-06
HBIN017522,1.6285680415808365e-06
HBIN022905,1.6285680415808365e-06
HBIN023037,1.6285680415808365e-06
HBIN023543,1.6285680415808365e-06
HBIN023610,1.6285680415808365e-06
HBIN023631,1.6285680415808365e-06
HBIN023635,1.6285680415808365e-06
HBIN023821,1.6285680415808365e-06
HBIN024022,1.6285680415808365e-06
HBIN024075,1.6285680415808365e-06
HBIN024079,1.6285680415808365e-06
HBIN021088,1.6285680415808365e-06
HBIN017734,1.6285680415808365e-06
HBIN021079,1.6285680415808365e-06
HBIN018559,1.6285680415808365e-06
HBIN018972,1.6285680415808365e-06
HBIN018971,1.6285680415808365e-06
HBIN018970,1.6285680415808365e-06
HBIN018969,1.6285680415808365e-06
HBIN018968,1.6285680415808365e-06
HBIN018967,1.6285680415808365e-06
HBIN018966,1.6285680415808365e-06
HBIN018727,1.6285680415808365e-06
HBIN018456,1.6285680415808365e-06
HBIN019073,1.6285680415808365e-06
HBIN018301,1.6285680415808365e-06
HBIN018290,1.6285680415808365e-06
HBIN018242,1.6285680415808365e-06
HBIN018164,1.6285680415808365e-06
HBIN018136,1.6285680415808365e-06
HBIN017960,1.6285680415808365e-06
HBIN017931,1.6285680415808365e-06
HBIN017786,1.6285680415808365e-06
HBIN018977,1.6285680415808365e-06
HBIN019301,1.6285680415808365e-06
HBIN021073,1.6285680415808365e-06
HBIN020664,1.6285680415808365e-06
HBIN020996,1.6285680415808365e-06
HBIN020950,1.6285680415808365e-06
HBIN020947,1.6285680415808365e-06
HBIN020942,1.6285680415808365e-06
HBIN024455,1.6285680415808365e-06
HBIN020828,1.6285680415808365e-06
HBIN020807,1.6285680415808365e-06
HBIN020677,1.6285680415808365e-06
HBIN020663,1.6285680415808365e-06
HBIN019487,1.6285680415808365e-06
HBIN020651,1.6285680415808365e-06
HBIN020523,1.6285680415808365e-06
HBIN020427,1.6285680415808365e-06
HBIN020187,1.6285680415808365e-06
HBIN020140,1.6285680415808365e-06
HBIN017602,1.6285680415808365e-06
HBIN019685,1.6285680415808365e-06
HBIN019682,1.6285680415808365e-06
HBIN020837,1.6285680415808365e-06
HBIN021258,1.6285680415808365e-06
HBIN024593,1.6285680415808365e-06
HBIN027988,1.6285680415808365e-06
HBIN028087,1.6285680415808365e-06
HBIN028086,1.6285680415808365e-06
HBIN028082,1.6285680415808365e-06
HBIN028078,1.6285680415808365e-06
HBIN028077,1.6285680415808365e-06
HBIN028070,1.6285680415808365e-06
HBIN028034,1.6285680415808365e-06
HBIN028031,1.6285680415808365e-06
HBIN027962,1.6285680415808365e-06
HBIN028104,1.6285680415808365e-06
HBIN027856,1.6285680415808365e-06
HBIN027855,1.6285680415808365e-06
HBIN027659,1.6285680415808365e-06
HBIN027193,1.6285680415808365e-06
HBIN027192,1.6285680415808365e-06
HBIN027191,1.6285680415808365e-06
HBIN027190,1.6285680415808365e-06
HBIN027189,1.6285680415808365e-06
HBIN028089,1.6285680415808365e-06
HBIN028118,1.6285680415808365e-06
HBIN027186,1.6285680415808365e-06
HBIN028520,1.6285680415808365e-06
HBIN029090,1.6285680415808365e-06
HBIN029061,1.6285680415808365e-06
HBIN029037,1.6285680415808365e-06
HBIN029029,1.6285680415808365e-06
HBIN028856,1.6285680415808365e-06
HBIN028787,1.6285680415808365e-06
HBIN028786,1.6285680415808365e-06
HBIN024594,1.6285680415808365e-06
HBIN028359,1.6285680415808365e-06
HBIN028176,1.6285680415808365e-06
HBIN028208,1.6285680415808365e-06
HBIN028204,1.6285680415808365e-06
HBIN028202,1.6285680415808365e-06
HBIN028195,1.6285680415808365e-06
HBIN028187,1.6285680415808365e-06
HBIN028186,1.6285680415808365e-06
HBIN028185,1.6285680415808365e-06
HBIN028182,1.6285680415808365e-06
HBIN027187,1.6285680415808365e-06
HBIN028540,1.6285680415808365e-06
HBIN027185,1.6285680415808365e-06
HBIN025071,1.6285680415808365e-06
HBIN025240,1.6285680415808365e-06
HBIN025218,1.6285680415808365e-06
HBIN025198,1.6285680415808365e-06
HBIN025196,1.6285680415808365e-06
HBIN025136,1.6285680415808365e-06
HBIN025135,1.6285680415808365e-06
HBIN025129,1.6285680415808365e-06
HBIN025126,1.6285680415808365e-06
HBIN024863,1.6285680415808365e-06
HBIN025243,1.6285680415808365e-06
HBIN024853,1.6285680415808365e-06
HBIN024756,1.6285680415808365e-06
HBIN024753,1.6285680415808365e-06
HBIN024746,1.6285680415808365e-06
HBIN024617,1.6285680415808365e-06
HBIN024596,1.6285680415808365e-06
HBIN024598,1.6285680415808365e-06
HBIN027180,1.6285680415808365e-06
HBIN025241,1.6285680415808365e-06
HBIN024945,1.6285680415808365e-06
HBIN025276,1.6285680415808365e-06
HBIN025307,1.6285680415808365e-06
HBIN027176,1.6285680415808365e-06
HBIN027174,1.6285680415808365e-06
HBIN027161,1.6285680415808365e-06
HBIN027159,1.6285680415808365e-06
HBIN027153,1.6285680415808365e-06
HBIN027035,1.6285680415808365e-06
HBIN026793,1.6285680415808365e-06
HBIN026773,1.6285680415808365e-06
HBIN027177,1.6285680415808365e-06
HBIN026690,1.6285680415808365e-06
HBIN026663,1.6285680415808365e-06
HBIN026386,1.6285680415808365e-06
HBIN025952,1.6285680415808365e-06
HBIN025930,1.6285680415808365e-06
HBIN025853,1.6285680415808365e-06
HBIN025828,1.6285680415808365e-06
HBIN027175,1.6285680415808365e-06
HBIN041334,1.5522152229074657e-06
HBIN046713,1.4594294412164852e-06
HBIN047626,1.3886701755660641e-06
HBIN004636,1.3476017275921335e-06
HBIN044684,1.33030629757782e-06
HBIN046359,1.3220865218914803e-06
HBIN044196,1.2518977273819322e-06
HBIN048521,1.2329945432787116e-06
HBIN045254,1.1972725015798805e-06
HBIN047875,1.1932216012921207e-06
HBIN044062,1.188836112120324e-06
HBIN047744,1.1755302519532868e-06
HBIN047738,1.1656225848546504e-06
HBIN044152,1.1629169018219944e-06
HBIN041903,1.1298991265084993e-06
HBIN043445,1.1229474765771724e-06
HBIN047437,1.1183817464374644e-06
HBIN044730,1.0780585434663164e-06
HBIN048330,1.0707040039853377e-06
HBIN016080,9.985708215086691e-07
HBIN016282,9.87875755500411e-07
HBIN046657,9.505088256589536e-07
HBIN046796,9.374296354208396e-07
HBIN046642,9.370326002233679e-07
HBIN048102,9.32770452907096e-07
HBIN001598,9.321646177599341e-07
HBIN003993,9.138235110688867e-07
HBIN001394,8.991488147368752e-07
HBIN002717,8.908277672667852e-07
HBIN002971,8.486855268214878e-07
HBIN039150,8.482458943118084e-07
HBIN042339,8.460060486930165e-07
HBIN040281,8.404603582261567e-07
HBIN041726,7.848636194961968e-07
HBIN047579,7.77358387109463e-07
HBIN046315,7.564457548146999e-07
HBIN042759,7.380186952108892e-07
HBIN041428,7.200405805500275e-07
HBIN039072,7.182607947051606e-07
HBIN004303,7.141939083533751e-07
HBIN015704,7.091562852920922e-07
HBIN015954,7.083116994765431e-07
HBIN046960,7.066442024535341e-07
HBIN039998,6.856088859235138e-07
HBIN046019,6.407314042166844e-07
HBIN039888,6.237776093675477e-07
HBIN040583,6.19525679120677e-07
HBIN048842,6.083978349006795e-07
HBIN046103,6.060850225203184e-07
HBIN039411,6.018686254229063e-07
HBIN004155,5.865945774886866e-07
HBIN047563,5.852508502670851e-07
HBIN048716,5.703657308099659e-07
HBIN040759,5.553546617456015e-07
HBIN044016,5.399181304779737e-07
HBIN016568,5.146632792943512e-07
HBIN040905,5.083701354571689e-07
HBIN047870,5.022153027715971e-07
HBIN039462,4.938331642604669e-07
HBIN043442,4.759708292431499e-07
HBIN048902,4.674476118616372e-07
HBIN048362,4.650607265246325e-07
HBIN041709,4.6472466181446095e-07
HBIN039409,4.6409027804096847e-07
HBIN043672,4.601937326727182e-07
HBIN048633,4.501900423644666e-07
HBIN045972,4.490592663446618e-07
HBIN048989,4.4596230948140145e-07
HBIN002693,4.4205155413796027e-07
HBIN003048,4.418166552573934e-07
HBIN003876,4.355122181323533e-07
HBIN003125,4.343334972628652e-07
HBIN046497,4.241350075284063e-07
HBIN016069,4.0983570331601285e-07
HBIN047272,4.0762427325163473e-07
HBIN043208,4.0556871969439614e-07
HBIN048935,4.050049378349139e-07
HBIN042106,4.009978518567004e-07
HBIN048901,3.955725761978694e-07
HBIN044636,3.9367032729308565e-07
HBIN001196,3.9077898936861116e-07
HBIN043380,3.878979908571379e-07
HBIN002879,3.8756932478091065e-07
HBIN044322,3.807486175690715e-07
HBIN016887,3.791684655202564e-07
HBIN004907,3.7496714647188094e-07
HBIN045816,3.747707863929271e-07
HBIN039419,3.711561596100014e-07
HBIN039794,3.6066187755756434e-07
HBIN044691,3.594191846134191e-07
HBIN041323,3.5334516327295166e-07
HBIN040776,3.5334516327295166e-07
HBIN039826,3.4734508479848505e-07
HBIN046033,3.4610533265795124e-07
HBIN048952,3.4340332450841147e-07
HBIN039040,3.4134078496618507e-07
HBIN015613,3.3730920821999217e-07
HBIN046380,3.36885031052514e-07
HBIN003153,3.2079944405981234e-07
HBIN040073,3.131356407826387e-07
HBIN049092,3.078353947444001e-07
HBIN048992,3.077980940053109e-07
HBIN044060,3.0546362910441605e-07
HBIN004383,3.04480058998842e-07
HBIN003000,3.042291291015224e-07
HBIN003261,3.037363720595735e-07
HBIN039065,2.991363124788556e-07
HBIN039185,2.978038331552487e-07
HBIN048417,2.9638139333339104e-07
HBIN041273,2.8967889073285077e-07
HBIN003335,2.8931195923683407e-07
HBIN041274,2.8322953649649994e-07
HBIN046738,2.8164918625095e-07
HBIN001240,2.7109322710995296e-07
HBIN045146,2.7097920521140755e-07
HBIN047867,2.6538839123689744e-07
HBIN039063,2.611948142853246e-07
HBIN016068,2.5840406640854105e-07
HBIN040708,2.581725930743873e-07
HBIN016527,2.519673187232485e-07
HBIN048365,2.475324758340303e-07
HBIN041914,2.45797954850256e-07
HBIN016891,2.432066599350204e-07
HBIN039827,2.4216999098965706e-07
HBIN039035,2.3978365853179045e-07
HBIN046768,2.3953028310827103e-07
HBIN045118,2.3953028310827103e-07
HBIN016180,2.3946245676876394e-07
HBIN001665,2.3913510650919136e-07
HBIN001667,2.3913510650919136e-07
HBIN001239,2.3913510650919136e-07
HBIN002849,2.3913510650919136e-07
HBIN042020,2.37248591844234e-07
HBIN048994,2.280022508535894e-07
HBIN043855,2.2534093671732254e-07
HBIN048943,2.21987401840722e-07
HBIN045487,2.175131233102621e-07
HBIN046717,2.175131233102621e-07
HBIN045154,2.175131233102621e-07
HBIN045292,2.175131233102621e-07
HBIN045294,2.175131233102621e-07
HBIN045973,2.175131233102621e-07
HBIN046421,2.175131233102621e-07
HBIN046384,2.175131233102621e-07
HBIN046408,2.175131233102621e-07
HBIN046037,2.175131233102621e-07
HBIN046074,2.175131233102621e-07
HBIN046124,2.175131233102621e-07
HBIN046360,2.175131233102621e-07
HBIN046383,2.175131233102621e-07
HBIN046723,2.175131233102621e-07
HBIN046925,2.175131233102621e-07
HBIN046742,2.175131233102621e-07
HBIN047871,2.175131233102621e-07
HBIN047720,2.175131233102621e-07
HBIN047573,2.175131233102621e-07
HBIN047571,2.175131233102621e-07
HBIN047570,2.175131233102621e-07
HBIN047569,2.175131233102621e-07
HBIN046743,2.175131233102621e-07
HBIN047567,2.175131233102621e-07
HBIN047566,2.175131233102621e-07
HBIN047565,2.175131233102621e-07
HBIN047868,2.175131233102621e-07
HBIN047564,2.175131233102621e-07
HBIN047558,2.175131233102621e-07
HBIN047714,2.175131233102621e-07
HBIN047492,2.175131233102621e-07
HBIN047538,2.175131233102621e-07
HBIN047694,2.175131233102621e-07
HBIN047060,2.175131233102621e-07
HBIN046976,2.175131233102621e-07
HBIN046799,2.175131233102621e-07
HBIN043379,2.1002609865113547e-07
HBIN003221,2.066046078871235e-07
HBIN044199,1.9978164373935085e-07
HBIN042015,1.9766928692544083e-07
HBIN039386,1.933528643048e-07
HBIN003712,1.9104633941950915e-07
HBIN048911,1.8836326891415072e-07
HBIN039336,1.8825957188077405e-07
HBIN048344,1.8242044496616782e-07
HBIN002561,1.8229493305252353e-07
HBIN002969,1.7146286844894205e-07
HBIN039061,1.654496442136698e-07
HBIN047969,1.6250516078552397e-07
HBIN048944,1.6250516078552397e-07
HBIN040347,1.5784919976069822e-07
HBIN040346,1.5784919976069822e-07
HBIN041227,1.5784919976069822e-07
HBIN015651,1.5182107083873738e-07
HBIN048958,1.5049957152002742e-07
HBIN001117,1.438598518590307e-07
HBIN001197,1.4364826180736865e-07
HERB004322,1.4048800098751525e-07
HBIN048900,1.4048800098751525e-07
HBIN048954,1.4048800098751525e-07
HBIN048333,1.4048800098751525e-07
HBIN048018,1.4048800098751525e-07
HERB006280,1.4048800098751525e-07
HBIN047980,1.4048800098751525e-07
HBIN048956,1.4048800098751525e-07
HBIN048903,1.4048800098751525e-07
HBIN047908,1.4048800098751525e-07
HERB005118,1.4048800098751525e-07
HERB003658,1.4048800098751525e-07
HBIN048899,1.4048800098751525e-07
HBIN048995,1.4048800098751525e-07
HBIN049148,1.4048800098751525e-07
HBIN048366,1.4048800098751525e-07
HERB004694,1.4048800098751525e-07
HERB000225,1.4048800098751525e-07
HERB000330,1.4048800098751525e-07
HERB001779,1.4048800098751525e-07
HBIN048039,1.4048800098751525e-07
HERB006950,1.4048800098751525e-07
HBIN039416,1.3583203996268966e-07
HBIN040809,1.3583203996268966e-07
HBIN040874,1.3583203996268966e-07
HBIN040875,1.3583203996268966e-07
HBIN040876,1.3583203996268966e-07
HBIN040877,1.3583203996268966e-07
HBIN040879,1.3583203996268966e-07
HBIN040880,1.3583203996268966e-07
HBIN040881,1.3583203996268966e-07
HBIN040909,1.3583203996268966e-07
HBIN040911,1.3583203996268966e-07
HBIN041019,1.3583203996268966e-07
HBIN041021,1.3583203996268966e-07
HBIN041024,1.3583203996268966e-07
HBIN041400,1.3583203996268966e-07
HBIN041728,1.3583203996268966e-07
HBIN041812,1.3583203996268966e-07
HBIN042012,1.3583203996268966e-07
HBIN039134,1.3583203996268966e-07
HBIN040814,1.3583203996268966e-07
HBIN040783,1.3583203996268966e-07
HBIN042024,1.3583203996268966e-07
HBIN040780,1.3583203996268966e-07
HBIN039143,1.3583203996268966e-07
HBIN039146,1.3583203996268966e-07
HBIN039154,1.3583203996268966e-07
HBIN039062,1.3583203996268966e-07
HBIN039060,1.3583203996268966e-07
HBIN039385,1.3583203996268966e-07
HBIN039420,1.3583203996268966e-07
HBIN039426,1.3583203996268966e-07
HBIN039455,1.3583203996268966e-07
HBIN039464,1.3583203996268966e-07
HBIN039478,1.3583203996268966e-07
HBIN039503,1.3583203996268966e-07
HBIN039532,1.3583203996268966e-07
HBIN040076,1.3583203996268966e-07
HBIN040144,1.3583203996268966e-07
HBIN040329,1.3583203996268966e-07
HBIN040761,1.3583203996268966e-07
HBIN042023,1.3583203996268966e-07
HBIN042013,1.3583203996268966e-07
HBIN042025,1.3583203996268966e-07
HBIN044273,1.3583203996268966e-07
HBIN043466,1.3583203996268966e-07
HBIN042026,1.3583203996268966e-07
HBIN043557,1.3583203996268966e-07
HBIN044015,1.3583203996268966e-07
HBIN044057,1.3583203996268966e-07
HBIN044058,1.3583203996268966e-07
HBIN044064,1.3583203996268966e-07
HBIN044274,1.3583203996268966e-07
HBIN043464,1.3583203996268966e-07
HBIN044275,1.3583203996268966e-07
HBIN044421,1.3583203996268966e-07
HBIN044422,1.3583203996268966e-07
HBIN044423,1.3583203996268966e-07
HBIN044424,1.3583203996268966e-07
HBIN044462,1.3583203996268966e-07
HBIN044464,1.3583203996268966e-07
HBIN043465,1.3583203996268966e-07
HBIN043468,1.3583203996268966e-07
HBIN043459,1.3583203996268966e-07
HBIN042423,1.3583203996268966e-07
HBIN042029,1.3583203996268966e-07
HBIN042160,1.3583203996268966e-07
HBIN042171,1.3583203996268966e-07
HBIN043316,1.3583203996268966e-07
HBIN042213,1.3583203996268966e-07
HBIN042345,1.3583203996268966e-07
HBIN042190,1.3583203996268966e-07
HBIN042726,1.3583203996268966e-07
HBIN042674,1.3583203996268966e-07
HBIN042761,1.3583203996268966e-07
HBIN039073,1.3583203996268966e-07
HBIN042686,1.3583203996268966e-07
HBIN000391,1.287270938459092e-07
HBIN002089,1.287270938459092e-07
HBIN004409,1.287270938459092e-07
HBIN005420,1.17580234189913e-07
HBIN016566,1.0219586397188174e-07
HBIN016489,1.0219586397188174e-07
HBIN016490,1.0219586397188174e-07
HBIN016419,1.0219586397188174e-07
HBIN016567,1.0219586397188174e-07
HBIN016406,1.0219586397188174e-07
HBIN002161,8.842631416757047e-08
HBIN015950,7.886959966234537e-08
HBIN004066,7.808140870196825e-08
HBIN001034,7.696053405400596e-08
HBIN003326,7.159725989523583e-08
HBIN004932,5.7878869299696886e-08
HBIN000536,4.964995129695321e-08
HBIN001288,4.363914299693807e-08
HBIN000624,4.363914299693807e-08
HBIN003287,4.363914299693807e-08
HBIN004821,4.128413708938487e-08
HBIN015696,3.693715568369292e-08
HBIN015652,3.693715568369292e-08
HBIN015737,3.693715568369292e-08
HBIN015851,3.693715568369292e-08
HBIN015710,3.693715568369292e-08
HBIN003537,2.991794620677153e-08
HBIN000328,2.1621983198929216e-08
HBIN005127,2.1621983198929216e-08
HBIN005018,2.1621983198929216e-08
HBIN000311,2.1621983198929216e-08
HBIN001683,2.1621983198929216e-08
HBIN004447,2.1621983198929216e-08
HBIN004423,2.1621983198929216e-08
HBIN001964,2.1621983198929216e-08
HBIN001451,2.1621983198929216e-08
HBIN002713,2.1621983198929216e-08
HBIN002888,2.1621983198929216e-08
HBIN001071,2.1621983198929216e-08
HBIN003010,2.1621983198929216e-08
HBIN001720,2.1621983198929216e-08
HBIN000905,2.1621983198929216e-08
HBIN000576,2.1621983198929216e-08
HBIN000467,2.1621983198929216e-08
HBIN003373,2.1621983198929216e-08
HBIN003683,2.1621983198929216e-08
HBIN003854,2.1621983198929216e-08
HBIN004182,2.1621983198929216e-08
HBIN004213,2.1621983198929216e-08
HBIN004332,2.1621983198929216e-08
HBIN004397,2.1621983198929216e-08
HBIN000970,2.1621983198929216e-08
